{"cameraMode":{"drawMode":0,"name":"Shaded","section":"Shading Mode"},"sceneLighting":true,"audioPlay":false,"sceneViewState":{"m_AlwaysRefresh":false,"showFog":true,"showSkybox":true,"showFlares":true,"showImageEffects":true,"showParticleSystems":true,"showVisualEffectGraphs":true,"m_FxEnabled":true},"in2DMode":false,"pivot":{"x":-1.6827101707458497,"y":0.5389239192008972,"z":0.7891865372657776},"rotation":{"x":-0.008981811814010144,"y":-0.9897360801696777,"z":0.12335995584726334,"w":-0.07197263836860657},"size":8.094433784484864,"orthographic":false}